,x,y,power,speed,spot_diameter,laser_current,signal,ID1,ID2,C1,C2,delta,scan_number
0,-18.50995445251465,-80.18487548828125,4800.0,1500.0,100.0,0.0,759.0,1.0,0.0,0.0,20.0,0.0,0.0
1,-18.511451721191406,-80.19498443603516,4800.0,1500.0,100.0,2589.0,819.0,1.0,0.0,0.0,20.0,0.010219228453934193,0.0
2,-18.510704040527344,-80.20620727539062,4800.0,1500.0,100.0,3746.0,1032.0,1.0,0.0,0.0,20.0,0.011247717775404453,0.0
3,-18.508459091186523,-80.21856689453125,4800.0,1500.0,100.0,4288.0,1172.0,1.0,0.0,0.0,20.0,0.012561846524477005,0.0
4,-18.458683013916016,-81.74101257324219,4800.0,1500.0,100.0,0.0,166.0,1.0,0.0,0.0,20.0,1.523259162902832,1.0
5,-18.45980453491211,-81.73353576660156,4800.0,1500.0,100.0,2567.0,645.0,1.0,0.0,0.0,20.0,0.007560452912002802,1.0
6,-18.46167755126953,-81.72193145751953,4800.0,1500.0,100.0,3724.0,1086.0,1.0,0.0,0.0,20.0,0.011754496023058891,1.0
7,-18.46392250061035,-81.70771026611328,4800.0,1500.0,100.0,4216.0,1086.0,1.0,0.0,0.0,20.0,0.014397294260561466,1.0
8,-26.010704040527344,-82.65457153320312,4800.0,1500.0,100.0,0.0,166.0,1.0,0.0,0.0,20.0,7.6059489250183105,2.0
9,-26.013324737548828,-82.6467056274414,4800.0,1500.0,100.0,1976.0,166.0,1.0,0.0,0.0,20.0,0.008290990255773067,2.0
10,-26.014820098876953,-82.63584899902344,4800.0,1500.0,100.0,3406.0,594.0,1.0,0.0,0.0,20.0,0.01095912791788578,2.0
11,-26.01631736755371,-82.62312316894531,4800.0,1500.0,100.0,4054.0,909.0,1.0,0.0,0.0,20.0,0.012813608162105083,2.0
12,-26.591915130615234,-80.18562316894531,4800.0,1500.0,100.0,446.0,942.0,1.0,0.0,0.0,20.0,2.504539728164673,3.0
13,-26.5922908782959,-80.19386291503906,4800.0,1500.0,100.0,2567.0,1073.0,1.0,0.0,0.0,20.0,0.008248308673501015,3.0
14,-26.59041976928711,-80.20396423339844,4800.0,1500.0,100.0,3724.0,1217.0,1.0,0.0,0.0,20.0,0.010273152962327003,3.0
15,-26.587799072265625,-80.21669006347656,4800.0,1500.0,100.0,4268.0,1279.0,1.0,0.0,0.0,20.0,0.012992874719202518,3.0
16,-26.384206771850586,-82.71257019042969,4800.0,1500.0,100.0,283.0,942.0,1.0,0.0,0.0,20.0,2.5041701793670654,4.0
17,-26.38719940185547,-82.7047119140625,4800.0,1500.0,100.0,2457.0,942.0,1.0,0.0,0.0,20.0,0.008408824913203716,4.0
18,-26.38869857788086,-82.6942367553711,4800.0,1500.0,100.0,3852.0,1137.0,1.0,0.0,0.0,20.0,0.010581893846392632,4.0
19,-26.390193939208984,-82.681884765625,4800.0,1500.0,100.0,4257.0,1279.0,1.0,0.0,0.0,20.0,0.012442176230251789,4.0
20,-26.9781436920166,-80.18487548828125,4800.0,1500.0,100.0,179.0,989.0,1.0,0.0,0.0,20.0,2.565295457839966,5.0
21,-26.9781436920166,-80.19348907470703,4800.0,1500.0,100.0,2799.0,1003.0,1.0,0.0,0.0,20.0,0.00861358642578125,5.0
22,-26.976272583007812,-80.20359802246094,4800.0,1500.0,100.0,3837.0,1112.0,1.0,0.0,0.0,20.0,0.010280654765665531,5.0
23,-26.973278045654297,-80.21631622314453,4800.0,1500.0,100.0,4258.0,1137.0,1.0,0.0,0.0,20.0,0.013065981678664684,5.0
24,-26.759206771850586,-82.77207946777344,4800.0,1500.0,100.0,161.0,759.0,1.0,0.0,0.0,20.0,2.5647127628326416,6.0
25,-26.762575149536133,-82.76422119140625,4800.0,1500.0,100.0,2788.0,819.0,1.0,0.0,0.0,20.0,0.008549764752388,6.0
26,-26.764446258544922,-82.75373840332031,4800.0,1500.0,100.0,3831.0,1073.0,1.0,0.0,0.0,20.0,0.010648468509316444,6.0
27,-27.362125396728516,-80.18525695800781,4800.0,1500.0,100.0,206.0,973.0,1.0,0.0,0.0,20.0,2.637104034423828,7.0
28,-27.362499237060547,-80.19348907470703,4800.0,1500.0,100.0,2805.0,1086.0,1.0,0.0,0.0,20.0,0.008240601047873497,7.0
29,-27.36063003540039,-80.20359802246094,4800.0,1500.0,100.0,3833.0,1289.0,1.0,0.0,0.0,20.0,0.010280308313667774,7.0
30,-27.134580612182617,-82.8297119140625,4800.0,1500.0,100.0,329.0,892.0,1.0,0.0,0.0,20.0,2.6358249187469482,8.0
31,-27.137948989868164,-82.82223510742188,4800.0,1500.0,100.0,2879.0,942.0,1.0,0.0,0.0,20.0,0.008200524374842644,8.0
32,-27.139820098876953,-82.81212615966797,4800.0,1500.0,100.0,3864.0,1112.0,1.0,0.0,0.0,20.0,0.010280654765665531,8.0
33,-27.14131736755371,-82.79977416992188,4800.0,1500.0,100.0,4262.0,1206.0,1.0,0.0,0.0,20.0,0.012442405335605145,8.0
34,-27.746856689453125,-80.18562316894531,4800.0,1500.0,100.0,505.0,670.0,1.0,0.0,0.0,20.0,2.683367967605591,9.0
35,-27.746856689453125,-80.19386291503906,4800.0,1500.0,100.0,2600.0,892.0,1.0,0.0,0.0,20.0,0.00823974609375,9.0
36,-27.744609832763672,-80.20396423339844,4800.0,1500.0,100.0,3901.0,1060.0,1.0,0.0,0.0,20.0,0.010348187759518623,9.0
37,-27.74161720275879,-80.21631622314453,4800.0,1500.0,100.0,4273.0,1137.0,1.0,0.0,0.0,20.0,0.01270934659987688,9.0
38,-18.459056854248047,-82.95209503173828,4800.0,1500.0,100.0,0.0,166.0,1.0,0.0,0.0,20.0,9.677313804626465,10.0
39,-18.459056854248047,-82.94348907470703,4800.0,1500.0,100.0,1827.0,214.0,1.0,0.0,0.0,20.0,0.00860595703125,10.0
40,-18.460554122924805,-82.93301391601562,4800.0,1500.0,100.0,3553.0,413.0,1.0,0.0,0.0,20.0,0.010581623762845993,10.0
41,-18.463172912597656,-82.92103576660156,4800.0,1500.0,100.0,4108.0,539.0,1.0,0.0,0.0,20.0,0.012261081486940384,10.0
42,-19.09041976928711,-80.18562316894531,4800.0,1500.0,100.0,433.0,759.0,1.0,0.0,0.0,20.0,2.8064069747924805,11.0
43,-19.09079360961914,-80.19386291503906,4800.0,1500.0,100.0,2934.0,926.0,1.0,0.0,0.0,20.0,0.008248222060501575,11.0
44,-19.08892250061035,-80.204345703125,4800.0,1500.0,100.0,3886.0,1060.0,1.0,0.0,0.0,20.0,0.010648468509316444,11.0
45,-18.459430694580078,-85.38435363769531,4800.0,1500.0,100.0,210.0,166.0,1.0,0.0,0.0,20.0,5.218116760253906,12.0
46,-18.460927963256836,-85.37649536132812,4800.0,1500.0,100.0,2816.0,620.0,1.0,0.0,0.0,20.0,0.007999644614756107,12.0
47,-18.462425231933594,-85.36489868164062,4800.0,1500.0,100.0,3824.0,838.0,1.0,0.0,0.0,20.0,0.011692937463521957,12.0
48,-19.47515106201172,-80.18600463867188,4800.0,1500.0,100.0,984.0,942.0,1.0,0.0,0.0,20.0,5.276983737945557,13.0
49,-19.47515106201172,-80.19386291503906,4800.0,1500.0,100.0,2904.0,1086.0,1.0,0.0,0.0,20.0,0.0078582763671875,13.0
50,-19.473278045654297,-80.20396423339844,4800.0,1500.0,100.0,3873.0,1195.0,1.0,0.0,0.0,20.0,0.01027350127696991,13.0
51,-18.460180282592773,-87.8136215209961,4800.0,1500.0,100.0,907.0,166.0,1.0,0.0,0.0,20.0,7.676799297332764,14.0
52,-18.461301803588867,-87.8057632446289,4800.0,1500.0,100.0,2857.0,509.0,1.0,0.0,0.0,20.0,0.007937903515994549,14.0
53,-18.463172912597656,-87.79454040527344,4800.0,1500.0,100.0,3843.0,838.0,1.0,0.0,0.0,20.0,0.011377749033272266,14.0
54,-19.85875701904297,-80.18562316894531,4800.0,1500.0,100.0,1136.0,838.0,1.0,0.0,0.0,20.0,7.735843658447266,15.0
55,-19.859130859375,-80.19348907470703,4800.0,1500.0,100.0,3001.0,1032.0,1.0,0.0,0.0,20.0,0.00787478405982256,15.0
56,-19.857261657714844,-80.20359802246094,4800.0,1500.0,100.0,4043.0,1124.0,1.0,0.0,0.0,20.0,0.010280308313667774,15.0
57,-18.581438064575195,-89.46407318115234,4800.0,1500.0,100.0,1094.0,446.0,1.0,0.0,0.0,20.0,9.34794807434082,16.0
58,-18.583683013916016,-89.45246887207031,4800.0,1500.0,100.0,2970.0,620.0,1.0,0.0,0.0,20.0,0.011819466017186642,16.0
59,-18.585927963256836,-89.43824768066406,4800.0,1500.0,100.0,4031.0,716.0,1.0,0.0,0.0,20.0,0.014397294260561466,16.0
60,-20.242740631103516,-80.19386291503906,4800.0,1500.0,100.0,1330.0,856.0,1.0,0.0,0.0,20.0,9.391680717468262,17.0
61,-20.243114471435547,-80.20396423339844,4800.0,1500.0,100.0,3113.0,1032.0,1.0,0.0,0.0,20.0,0.01010823342949152,17.0
62,-20.241243362426758,-80.2159423828125,4800.0,1500.0,100.0,4079.0,1149.0,1.0,0.0,0.0,20.0,0.012123411521315575,17.0
63,-18.965045928955078,-89.46107482910156,4800.0,1500.0,100.0,1531.0,670.0,1.0,0.0,0.0,20.0,9.332799911499023,18.0
64,-18.968414306640625,-89.45097351074219,4800.0,1500.0,100.0,3225.0,1032.0,1.0,0.0,0.0,20.0,0.01064812671393156,18.0
65,-18.970285415649414,-89.43899536132812,4800.0,1500.0,100.0,4114.0,1259.0,1.0,0.0,0.0,20.0,0.012123411521315575,18.0
66,-20.628219604492188,-80.193115234375,4800.0,1500.0,100.0,1719.0,446.0,1.0,0.0,0.0,20.0,9.393351554870605,19.0
67,-20.62859344482422,-80.20321655273438,4800.0,1500.0,100.0,3330.0,1003.0,1.0,0.0,0.0,20.0,0.01010823342949152,19.0
68,-20.62709617614746,-80.21556854248047,4800.0,1500.0,100.0,4051.0,1073.0,1.0,0.0,0.0,20.0,0.012442405335605145,19.0
69,-19.348651885986328,-89.46070861816406,4800.0,1500.0,100.0,1368.0,958.0,1.0,0.0,0.0,20.0,9.333115577697754,20.0
70,-19.352020263671875,-89.45022583007812,4800.0,1500.0,100.0,3417.0,1086.0,1.0,0.0,0.0,20.0,0.011010668240487576,20.0
71,-19.354267120361328,-89.43824768066406,4800.0,1500.0,100.0,4086.0,1238.0,1.0,0.0,0.0,20.0,0.012187059968709946,20.0
72,-21.011825561523438,-80.19348907470703,4800.0,1500.0,100.0,1564.0,892.0,1.0,0.0,0.0,20.0,9.392180442810059,21.0
73,-21.0122013092041,-80.20396423339844,4800.0,1500.0,100.0,3510.0,1238.0,1.0,0.0,0.0,20.0,0.010481895878911018,21.0
74,-21.010704040527344,-80.21631622314453,4800.0,1500.0,100.0,4124.0,1298.0,1.0,0.0,0.0,20.0,0.012442405335605145,21.0
75,-19.728517532348633,-89.46893310546875,4800.0,1500.0,100.0,0.0,670.0,1.0,0.0,0.0,20.0,9.341033935546875,22.0
76,-19.73375701904297,-89.46107482910156,4800.0,1500.0,100.0,1753.0,693.0,1.0,0.0,0.0,20.0,0.00944482535123825,22.0
77,-19.737499237060547,-89.45097351074219,4800.0,1500.0,100.0,3587.0,892.0,1.0,0.0,0.0,20.0,0.010772224515676498,22.0
78,-19.73937225341797,-89.43899536132812,4800.0,1500.0,100.0,4157.0,973.0,1.0,0.0,0.0,20.0,0.012123705819249153,22.0
79,-21.393936157226562,-80.18525695800781,4800.0,1500.0,100.0,0.0,759.0,1.0,0.0,0.0,20.0,9.400492668151855,23.0
80,-21.39730453491211,-80.193115234375,4800.0,1500.0,100.0,1931.0,800.0,1.0,0.0,0.0,20.0,0.008549764752388,23.0
81,-21.398054122924805,-80.20359802246094,4800.0,1500.0,100.0,3653.0,1060.0,1.0,0.0,0.0,20.0,0.010509554296731949,23.0
82,-21.396930694580078,-80.21556854248047,4800.0,1500.0,100.0,4180.0,1099.0,1.0,0.0,0.0,20.0,0.012023121118545532,23.0
83,-20.11287498474121,-89.46931457519531,4800.0,1500.0,100.0,0.0,620.0,1.0,0.0,0.0,20.0,9.342409133911133,24.0
84,-20.118488311767578,-89.46107482910156,4800.0,1500.0,100.0,2111.0,670.0,1.0,0.0,0.0,20.0,0.009970097802579403,24.0
85,-20.122230529785156,-89.45097351074219,4800.0,1500.0,100.0,3517.0,909.0,1.0,0.0,0.0,20.0,0.010772224515676498,24.0
86,-20.12485122680664,-89.43899536132812,4800.0,1500.0,100.0,4210.0,1032.0,1.0,0.0,0.0,20.0,0.012261489406228065,24.0
87,-21.781661987304688,-80.18600463867188,4800.0,1500.0,100.0,0.0,759.0,1.0,0.0,0.0,20.0,9.400152206420898,25.0
88,-21.78203582763672,-80.1942367553711,4800.0,1500.0,100.0,2271.0,892.0,1.0,0.0,0.0,20.0,0.008240601047873497,25.0
89,-21.780914306640625,-80.204345703125,4800.0,1500.0,100.0,3590.0,1172.0,1.0,0.0,0.0,20.0,0.010170970112085342,25.0
90,-21.778667449951172,-80.21631622314453,4800.0,1500.0,100.0,4234.0,1124.0,1.0,0.0,0.0,20.0,0.012179560959339142,25.0
91,-20.50396728515625,-89.46893310546875,4800.0,1500.0,100.0,0.0,693.0,1.0,0.0,0.0,20.0,9.340009689331055,26.0
92,-20.507709503173828,-89.46070861816406,4800.0,1500.0,100.0,2432.0,759.0,1.0,0.0,0.0,20.0,0.009035838767886162,26.0
93,-20.50995635986328,-89.45059967041016,4800.0,1500.0,100.0,3660.0,958.0,1.0,0.0,0.0,20.0,0.010355635546147823,26.0
94,-20.511451721191406,-89.4386215209961,4800.0,1500.0,100.0,4244.0,1073.0,1.0,0.0,0.0,20.0,0.012071129865944386,26.0
95,-22.166767120361328,-80.18562316894531,4800.0,1500.0,100.0,0.0,838.0,1.0,0.0,0.0,20.0,9.399895668029785,27.0
96,-22.16751480102539,-80.19348907470703,4800.0,1500.0,100.0,2582.0,892.0,1.0,0.0,0.0,20.0,0.007901360280811787,27.0
97,-22.166017532348633,-80.20396423339844,4800.0,1500.0,100.0,3727.0,1086.0,1.0,0.0,0.0,20.0,0.010581623762845993,27.0
98,-22.163772583007812,-80.2159423828125,4800.0,1500.0,100.0,4269.0,1137.0,1.0,0.0,0.0,20.0,0.012186707928776741,27.0
99,-20.88869857788086,-89.46931457519531,4800.0,1500.0,100.0,70.0,693.0,1.0,0.0,0.0,20.0,9.340808868408203,28.0
100,-20.892440795898438,-89.46145629882812,4800.0,1500.0,100.0,2720.0,856.0,1.0,0.0,0.0,20.0,0.008703832514584064,28.0
101,-20.89505958557129,-89.45134735107422,4800.0,1500.0,100.0,3787.0,1060.0,1.0,0.0,0.0,20.0,0.010442647151648998,28.0
102,-20.896930694580078,-89.43937683105469,4800.0,1500.0,100.0,4224.0,1149.0,1.0,0.0,0.0,20.0,0.012115873396396637,28.0
103,-22.551496505737305,-80.18525695800781,4800.0,1500.0,100.0,288.0,759.0,1.0,0.0,0.0,20.0,9.40086841583252,29.0
104,-22.55261993408203,-80.193115234375,4800.0,1500.0,100.0,2454.0,1060.0,1.0,0.0,0.0,20.0,0.007938173599541187,29.0
105,-22.551496505737305,-80.20321655273438,4800.0,1500.0,100.0,3844.0,1086.0,1.0,0.0,0.0,20.0,0.010163597762584686,29.0
106,-22.549251556396484,-80.21556854248047,4800.0,1500.0,100.0,4247.0,1195.0,1.0,0.0,0.0,20.0,0.012554340064525604,29.0
107,-21.273427963256836,-89.46968078613281,4800.0,1500.0,100.0,506.0,759.0,1.0,0.0,0.0,20.0,9.341644287109375,30.0
108,-21.277170181274414,-89.46145629882812,4800.0,1500.0,100.0,2601.0,856.0,1.0,0.0,0.0,20.0,0.009035838767886162,30.0
109,-21.279417037963867,-89.45134735107422,4800.0,1500.0,100.0,3897.0,1099.0,1.0,0.0,0.0,20.0,0.010355635546147823,30.0
110,-21.280914306640625,-89.43937683105469,4800.0,1500.0,100.0,4266.0,1195.0,1.0,0.0,0.0,20.0,0.012063795700669289,30.0
111,-22.936601638793945,-80.18525695800781,4800.0,1500.0,100.0,719.0,759.0,1.0,0.0,0.0,20.0,9.401065826416016,31.0
112,-22.93735122680664,-80.193115234375,4800.0,1500.0,100.0,2736.0,819.0,1.0,0.0,0.0,20.0,0.007893946021795273,31.0
113,-22.936227798461914,-80.20359802246094,4800.0,1500.0,100.0,3946.0,958.0,1.0,0.0,0.0,20.0,0.010542814619839191,31.0
114,-22.933982849121094,-80.21556854248047,4800.0,1500.0,100.0,4286.0,1073.0,1.0,0.0,0.0,20.0,0.012179209850728512,31.0
115,-21.658159255981445,-89.46968078613281,4800.0,1500.0,100.0,929.0,620.0,1.0,0.0,0.0,20.0,9.341644287109375,32.0
116,-21.662275314331055,-89.46145629882812,4800.0,1500.0,100.0,2869.0,670.0,1.0,0.0,0.0,20.0,0.009196963161230087,32.0
117,-21.664146423339844,-89.45172119140625,4800.0,1500.0,100.0,3987.0,780.0,1.0,0.0,0.0,20.0,0.009913291782140732,32.0
118,-23.321332931518555,-80.18562316894531,4800.0,1500.0,100.0,1128.0,620.0,1.0,0.0,0.0,20.0,9.41312026977539,33.0
119,-23.322830200195312,-80.19386291503906,4800.0,1500.0,100.0,2992.0,856.0,1.0,0.0,0.0,20.0,0.00837467797100544,33.0
120,-23.321706771850586,-80.20396423339844,4800.0,1500.0,100.0,3901.0,942.0,1.0,0.0,0.0,20.0,0.010163597762584686,33.0
121,-22.04251480102539,-89.46893310546875,4800.0,1500.0,100.0,757.0,446.0,1.0,0.0,0.0,20.0,9.352859497070312,34.0
122,-22.045883178710938,-89.46070861816406,4800.0,1500.0,100.0,3102.0,942.0,1.0,0.0,0.0,20.0,0.00888752844184637,34.0
123,-22.047754287719727,-89.4386215209961,4800.0,1500.0,100.0,3948.0,1086.0,1.0,0.0,0.0,20.0,0.022166211158037186,34.0
124,-23.706811904907227,-80.1942367553711,4800.0,1500.0,100.0,962.0,620.0,1.0,0.0,0.0,20.0,9.392077445983887,35.0
125,-23.708309173583984,-80.204345703125,4800.0,1500.0,100.0,3211.0,800.0,1.0,0.0,0.0,20.0,0.010219228453934193,35.0
126,-23.706811904907227,-80.21631622314453,4800.0,1500.0,100.0,3995.0,973.0,1.0,0.0,0.0,20.0,0.012063795700669289,35.0
127,-22.428367614746094,-89.46182250976562,4800.0,1500.0,100.0,1163.0,446.0,1.0,0.0,0.0,20.0,9.333477973937988,36.0
128,-22.43173599243164,-89.45172119140625,4800.0,1500.0,100.0,3308.0,738.0,1.0,0.0,0.0,20.0,0.01064812671393156,36.0
129,-22.433609008789062,-89.43974304199219,4800.0,1500.0,100.0,4034.0,926.0,1.0,0.0,0.0,20.0,0.012123705819249153,36.0
130,-24.091541290283203,-80.19348907470703,4800.0,1500.0,100.0,1360.0,759.0,1.0,0.0,0.0,20.0,9.393718719482422,37.0
131,-24.09266471862793,-80.20396423339844,4800.0,1500.0,100.0,3401.0,1046.0,1.0,0.0,0.0,20.0,0.010535228066146374,37.0
132,-24.091541290283203,-80.2159423828125,4800.0,1500.0,100.0,4067.0,1086.0,1.0,0.0,0.0,20.0,0.012030716985464096,37.0
133,-22.81235122680664,-89.46182250976562,4800.0,1500.0,100.0,1545.0,594.0,1.0,0.0,0.0,20.0,9.33395004272461,38.0
134,-22.815719604492188,-89.45172119140625,4800.0,1500.0,100.0,3225.0,926.0,1.0,0.0,0.0,20.0,0.01064812671393156,38.0
135,-22.817214965820312,-89.43974304199219,4800.0,1500.0,100.0,4109.0,1060.0,1.0,0.0,0.0,20.0,0.012071129865944386,38.0
136,-24.473651885986328,-80.18600463867188,4800.0,1500.0,100.0,0.0,892.0,1.0,0.0,0.0,20.0,9.400822639465332,39.0
137,-24.477394104003906,-80.1942367553711,4800.0,1500.0,100.0,1727.0,892.0,1.0,0.0,0.0,20.0,0.00904278364032507,39.0
138,-24.47776985168457,-80.204345703125,4800.0,1500.0,100.0,3322.0,1099.0,1.0,0.0,0.0,20.0,0.010115928016602993,39.0
139,-24.477020263671875,-80.21669006347656,4800.0,1500.0,100.0,4134.0,1137.0,1.0,0.0,0.0,20.0,0.012367097660899162,39.0
140,-23.192214965820312,-89.46968078613281,4800.0,1500.0,100.0,0.0,693.0,1.0,0.0,0.0,20.0,9.341764450073242,40.0
141,-23.19745635986328,-89.46145629882812,4800.0,1500.0,100.0,1919.0,738.0,1.0,0.0,0.0,20.0,0.009752660989761353,40.0
142,-23.200822830200195,-89.45134735107422,4800.0,1500.0,100.0,3417.0,909.0,1.0,0.0,0.0,20.0,0.010654761455953121,40.0
143,-23.202320098876953,-89.43937683105469,4800.0,1500.0,100.0,4161.0,1073.0,1.0,0.0,0.0,20.0,0.012063795700669289,40.0
144,-24.858009338378906,-80.18525695800781,4800.0,1500.0,100.0,0.0,693.0,1.0,0.0,0.0,20.0,9.401065826416016,41.0
145,-24.861751556396484,-80.19348907470703,4800.0,1500.0,100.0,2094.0,759.0,1.0,0.0,0.0,20.0,0.00904278364032507,41.0
146,-24.862873077392578,-80.20359802246094,4800.0,1500.0,100.0,3503.0,1046.0,1.0,0.0,0.0,20.0,0.010170970112085342,41.0
147,-24.861377716064453,-80.2159423828125,4800.0,1500.0,100.0,4197.0,1112.0,1.0,0.0,0.0,20.0,0.012434602715075016,41.0
148,-23.577320098876953,-89.46931457519531,4800.0,1500.0,100.0,0.0,446.0,1.0,0.0,0.0,20.0,9.342039108276367,42.0
149,-23.582561492919922,-89.46145629882812,4800.0,1500.0,100.0,2255.0,716.0,1.0,0.0,0.0,20.0,0.009445883333683014,42.0
150,-23.585927963256836,-89.45134735107422,4800.0,1500.0,100.0,3581.0,1217.0,1.0,0.0,0.0,20.0,0.010654761455953121,42.0
151,-23.587425231933594,-89.43899536132812,4800.0,1500.0,100.0,4140.0,1317.0,1.0,0.0,0.0,20.0,0.012442405335605145,42.0
152,-25.243114471435547,-80.18525695800781,4800.0,1500.0,100.0,0.0,838.0,1.0,0.0,0.0,20.0,9.400691032409668,43.0
153,-25.246482849121094,-80.19348907470703,4800.0,1500.0,100.0,1945.0,800.0,1.0,0.0,0.0,20.0,0.00889458879828453,43.0
154,-25.246856689453125,-80.20396423339844,4800.0,1500.0,100.0,3653.0,942.0,1.0,0.0,0.0,20.0,0.010481827892363071,43.0
155,-25.245359420776367,-80.21631622314453,4800.0,1500.0,100.0,4170.0,958.0,1.0,0.0,0.0,20.0,0.012442405335605145,43.0
156,-23.9672908782959,-89.46931457519531,4800.0,1500.0,100.0,0.0,446.0,1.0,0.0,0.0,20.0,9.340847969055176,44.0
157,-23.97028350830078,-89.46107482910156,4800.0,1500.0,100.0,2124.0,670.0,1.0,0.0,0.0,20.0,0.00876636989414692,44.0
158,-23.971782684326172,-89.45097351074219,4800.0,1500.0,100.0,3722.0,958.0,1.0,0.0,0.0,20.0,0.010211961343884468,44.0
159,-23.972904205322266,-89.43899536132812,4800.0,1500.0,100.0,4197.0,1073.0,1.0,0.0,0.0,20.0,0.012030539102852345,44.0
160,-25.631961822509766,-80.18487548828125,4800.0,1500.0,100.0,56.0,693.0,1.0,0.0,0.0,20.0,9.401659965515137,45.0
161,-25.632335662841797,-80.193115234375,4800.0,1500.0,100.0,2283.0,693.0,1.0,0.0,0.0,20.0,0.008248222060501575,45.0
162,-25.631214141845703,-80.20359802246094,4800.0,1500.0,100.0,3783.0,800.0,1.0,0.0,0.0,20.0,0.010542611591517925,45.0
163,-25.62859344482422,-80.2159423828125,4800.0,1500.0,100.0,4221.0,838.0,1.0,0.0,0.0,20.0,0.01261948049068451,45.0
164,-24.351272583007812,-89.46856689453125,4800.0,1500.0,100.0,277.0,509.0,1.0,0.0,0.0,20.0,9.340374946594238,46.0
165,-24.354267120361328,-89.4603271484375,4800.0,1500.0,100.0,2445.0,539.0,1.0,0.0,0.0,20.0,0.00876702181994915,46.0
166,-24.356138229370117,-89.45022583007812,4800.0,1500.0,100.0,3836.0,819.0,1.0,0.0,0.0,20.0,0.010273152962327003,46.0
167,-24.357261657714844,-89.43824768066406,4800.0,1500.0,100.0,4245.0,909.0,1.0,0.0,0.0,20.0,0.012030716985464096,46.0
168,-26.016693115234375,-80.18525695800781,4800.0,1500.0,100.0,493.0,989.0,1.0,0.0,0.0,20.0,9.400614738464355,47.0
169,-26.017066955566406,-80.19274139404297,4800.0,1500.0,100.0,2593.0,1184.0,1.0,0.0,0.0,20.0,0.007493766490370035,47.0
170,-26.014820098876953,-80.20321655273438,4800.0,1500.0,100.0,3727.0,1345.0,1.0,0.0,0.0,20.0,0.010713417083024979,47.0
171,-26.01219940185547,-80.21519470214844,4800.0,1500.0,100.0,4266.0,1308.0,1.0,0.0,0.0,20.0,0.012261489406228065,47.0
172,-24.737125396728516,-89.46931457519531,4800.0,1500.0,100.0,102.0,446.0,1.0,0.0,0.0,20.0,9.34154987335205,48.0
173,-24.73974609375,-89.46145629882812,4800.0,1500.0,100.0,2728.0,645.0,1.0,0.0,0.0,20.0,0.00828375294804573,48.0
174,-24.741241455078125,-89.45134735107422,4800.0,1500.0,100.0,3786.0,1003.0,1.0,0.0,0.0,20.0,0.010218949988484383,48.0
175,-24.742366790771484,-89.43937683105469,4800.0,1500.0,100.0,4284.0,1018.0,1.0,0.0,0.0,20.0,0.012023299001157284,48.0
176,-26.029415130615234,-82.53256225585938,4800.0,1500.0,100.0,169.0,620.0,1.0,0.0,0.0,20.0,7.0257086753845215,49.0
177,-26.02829360961914,-82.54154205322266,4800.0,1500.0,100.0,2384.0,693.0,1.0,0.0,0.0,20.0,0.009049561806023121,49.0
178,-26.02642250061035,-82.55201721191406,4800.0,1500.0,100.0,3794.0,926.0,1.0,0.0,0.0,20.0,0.010640958324074745,49.0
179,-26.024551391601562,-82.56324768066406,4800.0,1500.0,100.0,4216.0,1086.0,1.0,0.0,0.0,20.0,0.01138527411967516,49.0
180,-25.1207332611084,-89.46893310546875,4800.0,1500.0,100.0,898.0,539.0,1.0,0.0,0.0,20.0,6.964580535888672,50.0
181,-25.123727798461914,-89.46107482910156,4800.0,1500.0,100.0,2851.0,693.0,1.0,0.0,0.0,20.0,0.008409503847360611,50.0
182,-25.125225067138672,-89.45134735107422,4800.0,1500.0,100.0,3843.0,1046.0,1.0,0.0,0.0,20.0,0.009842034429311752,50.0
183,-26.40516471862793,-82.59056854248047,4800.0,1500.0,100.0,539.0,989.0,1.0,0.0,0.0,20.0,6.97914981842041,51.0
184,-26.405540466308594,-82.59880065917969,4800.0,1500.0,100.0,2987.0,1124.0,1.0,0.0,0.0,20.0,0.008240687660872936,51.0
185,-26.403667449951172,-82.60890197753906,4800.0,1500.0,100.0,3903.0,1371.0,1.0,0.0,0.0,20.0,0.01027350127696991,51.0
186,-25.506214141845703,-89.46856689453125,4800.0,1500.0,100.0,721.0,539.0,1.0,0.0,0.0,20.0,6.918123245239258,52.0
187,-25.509206771850586,-89.46070861816406,4800.0,1500.0,100.0,3085.0,973.0,1.0,0.0,0.0,20.0,0.008408824913203716,52.0
188,-25.510330200195312,-89.45059967041016,4800.0,1500.0,100.0,3943.0,1124.0,1.0,0.0,0.0,20.0,0.010171180590987206,52.0
189,-26.780914306640625,-82.64820861816406,4800.0,1500.0,100.0,833.0,759.0,1.0,0.0,0.0,20.0,6.920036792755127,53.0
190,-26.780914306640625,-82.65718078613281,4800.0,1500.0,100.0,3147.0,856.0,1.0,0.0,0.0,20.0,0.00897216796875,53.0
191,-26.778667449951172,-82.66766357421875,4800.0,1500.0,100.0,3969.0,973.0,1.0,0.0,0.0,20.0,0.010720876976847649,53.0
192,-25.89094352722168,-89.46145629882812,4800.0,1500.0,100.0,873.0,620.0,1.0,0.0,0.0,20.0,6.851545333862305,54.0
193,-25.893936157226562,-89.45134735107422,4800.0,1500.0,100.0,3163.0,892.0,1.0,0.0,0.0,20.0,0.010542611591517925,54.0
194,-25.895435333251953,-89.43899536132812,4800.0,1500.0,100.0,3973.0,1046.0,1.0,0.0,0.0,20.0,0.012442635372281075,54.0
195,-27.156288146972656,-82.71669006347656,4800.0,1500.0,100.0,1411.0,838.0,1.0,0.0,0.0,20.0,6.839527606964111,55.0
196,-27.156288146972656,-82.7271728515625,4800.0,1500.0,100.0,3151.0,926.0,1.0,0.0,0.0,20.0,0.0104827880859375,55.0
197,-27.154415130615234,-82.73915100097656,4800.0,1500.0,100.0,3971.0,1124.0,1.0,0.0,0.0,20.0,0.012123705819249153,55.0
198,-26.274551391601562,-89.46107482910156,4800.0,1500.0,100.0,1323.0,693.0,1.0,0.0,0.0,20.0,6.779263973236084,56.0
199,-26.277545928955078,-89.45097351074219,4800.0,1500.0,100.0,3102.0,926.0,1.0,0.0,0.0,20.0,0.010535838082432747,56.0
200,-26.279041290283203,-89.43899536132812,4800.0,1500.0,100.0,4063.0,1003.0,1.0,0.0,0.0,20.0,0.012071129865944386,56.0
201,-27.766693115234375,-81.2851791381836,4800.0,1500.0,100.0,948.0,166.0,1.0,0.0,0.0,20.0,8.28841495513916,57.0
202,-27.76594352722168,-81.295654296875,4800.0,1500.0,100.0,3195.0,413.0,1.0,0.0,0.0,20.0,0.010501944459974766,57.0
203,-27.76407241821289,-81.30912780761719,4800.0,1500.0,100.0,3979.0,594.0,1.0,0.0,0.0,20.0,0.013602813705801964,57.0
204,-26.659656524658203,-89.46182250976562,4800.0,1500.0,100.0,1599.0,594.0,1.0,0.0,0.0,20.0,8.227160453796387,58.0
205,-26.66302490234375,-89.45172119140625,4800.0,1500.0,100.0,3514.0,874.0,1.0,0.0,0.0,20.0,0.01064812671393156,58.0
206,-26.664520263671875,-89.43974304199219,4800.0,1500.0,100.0,4118.0,1060.0,1.0,0.0,0.0,20.0,0.012071129865944386,58.0
207,-27.76594352722168,-83.72193145751953,4800.0,1500.0,100.0,1360.0,539.0,1.0,0.0,0.0,20.0,5.822929382324219,59.0
208,-27.764446258544922,-83.73129272460938,4800.0,1500.0,100.0,3396.0,1003.0,1.0,0.0,0.0,20.0,0.009480249136686325,59.0
209,-27.762948989868164,-83.74176788330078,4800.0,1500.0,100.0,4059.0,1124.0,1.0,0.0,0.0,20.0,0.010581623762845993,59.0
210,-27.044761657714844,-89.46070861816406,4800.0,1500.0,100.0,1843.0,856.0,1.0,0.0,0.0,20.0,5.763859272003174,60.0
211,-27.047754287719727,-89.45097351074219,4800.0,1500.0,100.0,3379.0,1137.0,1.0,0.0,0.0,20.0,0.010184701532125473,60.0
212,-27.049251556396484,-89.4386215209961,4800.0,1500.0,100.0,4155.0,1161.0,1.0,0.0,0.0,20.0,0.012442405335605145,60.0
213,-27.76631736755371,-86.15119934082031,4800.0,1500.0,100.0,1504.0,620.0,1.0,0.0,0.0,20.0,3.364717960357666,61.0
214,-27.764820098876953,-86.16092681884766,4800.0,1500.0,100.0,3456.0,838.0,1.0,0.0,0.0,20.0,0.009842034429311752,61.0
215,-27.763324737548828,-86.17178344726562,4800.0,1500.0,100.0,4087.0,1032.0,1.0,0.0,0.0,20.0,0.01095912791788578,61.0
216,-27.42313003540039,-89.46968078613281,4800.0,1500.0,100.0,0.0,446.0,1.0,0.0,0.0,20.0,3.315397262573242,62.0
217,-27.428367614746094,-89.46107482910156,4800.0,1500.0,100.0,1898.0,446.0,1.0,0.0,0.0,20.0,0.01007445901632309,62.0
218,-27.43136215209961,-89.45134735107422,4800.0,1500.0,100.0,3406.0,780.0,1.0,0.0,0.0,20.0,0.010177970863878727,62.0
219,-27.4332332611084,-89.4386215209961,4800.0,1500.0,100.0,4163.0,1003.0,1.0,0.0,0.0,20.0,0.012862651608884335,62.0
220,-27.766693115234375,-88.57185363769531,4800.0,1500.0,100.0,0.0,446.0,1.0,0.0,0.0,20.0,0.9286991357803345,63.0
221,-27.765567779541016,-88.58045959472656,4800.0,1500.0,100.0,1471.0,446.0,1.0,0.0,0.0,20.0,0.008679221384227276,63.0
222,-27.76407241821289,-88.5898208618164,4800.0,1500.0,100.0,3445.0,800.0,1.0,0.0,0.0,20.0,0.009479948319494724,63.0
223,-27.76219940185547,-88.60029602050781,4800.0,1500.0,100.0,4076.0,1003.0,1.0,0.0,0.0,20.0,0.010641294531524181,63.0
